Model,coherence,engagement,relevance,understandability,TOPSIS Score,Rank
bert-base-uncased,0.6511754989624023,0.6511754989624023,0.6511754989624023,0.6511754989624023,2.6047019958496094,1
bert-base-cased,0.8999861478805542,0.8999861478805542,0.8999861478805542,0.8999861478805542,3.599944591522217,3
roberta-base,0.37763726711273193,0.37763726711273193,0.37763726711273193,0.37763726711273193,1.5105490684509277,5
distilbert-base-uncased,0.7811214327812195,0.7811214327812195,0.7811214327812195,0.7811214327812195,3.124485731124878,2
xlnet-base-cased,0.04430083930492401,0.04430083930492401,0.04430083930492401,0.04430083930492401,0.17720335721969604,4
